0.9641843506,0.624644037,1
0.634913524,0.9903041899,0
0.3835638583,0.7947709804,0
0.8839274115,0.8001892859,1
0.7380992679,0.5130322932,1
0.3733962059,0.7504651201,0
0.9131269685,0.995610504,0
0.7039382727,0.8695110494,0
0.2895442962,0.8941155115,0
0.4589906112,0.5655109752,0
0.9249697345,0.3574402304,1
0.9769272426,0.4423603796,1
0.4034476028,0.02883236535,1
0.04609399651,0.8466472526,0
0.9445475652,0.1993343486,1
0.533911295,0.6569482542,0
0.4511840109,0.137911625,1
0.8446812439,0.9031204586,0
0.4077204498,0.6659984203,0
0.7074657085,0.7973546343,0
0.8871199118,0.8363518081,1
0.283853761,0.2549646738,1
0.3670525914,0.649911217,0
0.7540282709,0.5263172997,1
0.9875339913,0.1412749068,1
0.5629906875,0.8330678417,0
0.6817838662,0.7853560275,0
0.4293249181,0.1492449396,1
0.7614169377,0.4599772577,1
0.9949573218,0.2467848656,1
0.209635139,0.497485727,0
0.0171184768,0.5538583878,0
0.5361034084,0.2831663,1
0.2425543934,0.6058366694,0
0.7916472326,0.5150090851,1
0.959784942,0.9356311653,1
0.3340303876,0.002508856826,1
0.7090271267,0.6354738181,1
0.09392588328,0.8369460459,0
0.1274420342,0.6404138142,0
0.1049140403,0.8712376515,0
0.8822581957,0.7638272435,1
0.2615834753,0.3496774317,0
0.07265379086,0.4756163628,0
0.5139953181,0.9818123327,0
0.4034335991,0.3032082781,1
0.5690499709,0.001108092453,1
0.9038322476,0.855313827,1
0.4171503947,0.891281631,0
0.3538924229,0.2783438985,1
0.2144045036,0.02000569526,1
0.5611378023,0.1529328145,1
0.123186186,0.3402814137,0
0.9490220842,0.594397282,1
0.3303189139,0.05696401636,1
0.8037837485,0.7026023366,1
0.9872737101,0.3436009954,1
0.8784782504,0.5031640691,1
0.3018296729,0.2975559758,1
0.1629008371,0.3031378476,0
0.08188562807,0.9751806152,0
0.08915595073,0.1632463717,0
0.06631241967,0.2905800024,0
0.2403838354,0.9768394958,0
0.5599731756,0.6681685453,0
0.7125074854,0.9880207881,0
0.5623108857,0.4101192778,1
0.4264994602,0.8312708819,0
0.2155325843,0.6866094159,0
0.8963004986,0.669038242,1
0.7979663123,0.7030438105,1
0.2066173848,0.1318905822,1
0.1644289395,0.3609323607,0
0.5528635222,0.4025738204,1
0.4742719958,0.892649842,0
0.2917131564,0.4367235064,0
0.2631318136,0.9191225632,0
0.9953773878,0.2517268412,1
0.7470161075,0.269138804,1
0.5103714037,0.7128421151,0
0.3532622556,0.5085017309,0
0.2785643455,0.8663389932,0
0.3046415505,0.9507775337,0
0.901848694,0.6992301623,1
0.1890357026,0.9450723789,0
0.8514128188,0.660372618,1
0.641050203,0.2832355933,1
0.08205080268,0.08940866082,0
0.4899081502,0.8152218675,0
0.1752816432,0.2606081555,0
0.3959789971,0.03770923467,1
0.2914160435,0.01413016201,1
0.04578081843,0.1940028768,0
0.6624018927,0.8936912746,0
0.9308225231,0.2290366198,1
0.8743249271,0.9163364153,0
0.1958377298,0.6501883234,0
0.6351141747,0.2083099243,1
0.4700076261,0.5021131526,0
0.5370627876,0.935962796,0
0.3933077447,0.2227057769,1
0.7875760877,0.4571344792,1
0.8181493935,0.003676600413,1
0.7168856536,0.01900798719,1
0.123261194,0.4107158747,0
0.2415358598,0.1743900426,1
0.2132036928,0.1086886166,1
0.0973421864,0.1179734528,0
0.4368623913,0.4374814177,0
0.2973400716,0.4889660048,0
0.7230133702,0.4057182509,1
0.2090568638,0.8544299057,0
0.5150516996,0.500654652,1
0.6605714294,0.7444912092,0
0.02973448359,0.7618866989,0
0.2780455861,0.8383845238,0
0.1656602665,0.9519358114,0
0.8580285608,0.3489863643,1
0.7036033294,0.5607684533,1
0.5403212585,0.7218743457,0
0.7491733709,0.8061625974,0
0.3448492479,0.08483005846,1
0.3759293484,0.06176961046,1
0.6286877645,0.5678781844,1
0.992069649,0.800958592,1
0.8464116071,0.4301119802,1
0.06283270227,0.7050561546,0
0.3199571898,0.5498132339,0
0.0003359145194,0.2362819503,0
0.8714755467,0.9347266064,0
0.6272323244,0.6520490291,0
0.5352672199,0.9035356844,0
0.3277960548,0.7508144095,0
0.8912532758,0.789753602,1
0.7870361436,0.9428080934,0
0.1702070608,0.03382748518,1
0.9520932703,0.1907143225,1
0.1536609242,0.281777848,0
0.1911311848,0.831585331,0
0.4489958873,0.4670989489,0
0.8982363034,0.2051985948,1
0.857386213,0.07563188191,1
0.4405132426,0.3448966912,1
0.09084440635,0.8239500664,0
0.3540001641,0.2682082115,1
0.9564608313,0.1317603265,1
0.2961702024,0.4987014442,0
0.4136309042,0.3578433192,1
0.1463511823,0.7832732128,0
0.024875422,0.900843989,0
0.03090647169,0.0973902351,0
0.2375444186,0.2042204655,1
0.4820849404,0.07797928265,1
0.6418452461,0.3344889272,1
0.2402498934,0.2765672867,0
0.2773215007,0.5201849258,0
0.6587799169,0.9566936915,0
0.5080657827,0.1594140365,1
0.1493117827,0.7855327057,0
0.4419757722,0.9154249201,0
0.6136335271,0.061075358,1
0.2820499295,0.8939764978,0
0.8087333683,0.1207150678,1
0.6253643515,0.6642171922,0
0.916319317,0.3036234229,1
0.5871734701,0.2460556378,1
0.2629874004,0.59312591,0
0.946679411,0.5461158501,1
0.7535328544,0.7816236261,0
0.9415196851,0.7759717152,1
0.8065052086,0.5515965387,1
0.8876961256,0.3483544581,1
0.9581951967,0.1614621279,1
0.6137562187,0.6088971976,1
0.5735381024,0.04582717957,1
0.7750759667,0.04325383495,1
0.5439415094,0.515963072,1
0.4072946143,0.526726179,0
0.7488682459,0.5854921825,1
0.7202956082,0.4018467485,1
0.1286150369,0.7313886068,0
0.6274893452,0.3899534341,1
0.552690832,0.832681015,0
0.3030840731,0.005934087941,1
0.8517191195,0.1447883477,1
0.9194288803,0.5919744967,1
0.3295412464,0.822706765,0
0.2815406966,0.4509507012,0
0.5484107058,0.5509635356,0
0.1340098884,0.7397808415,0
0.7697511224,0.2952456839,1
0.6794614903,0.942948768,0
0.3474036347,0.1463969967,1
0.5671314678,0.3957228819,1
0.3504858866,0.419308795,0
0.3692309239,0.5463022381,0
0.2729180513,0.6166083781,0
0.7982357,0.9239869958,0
0.8449483106,0.3555058354,1
0.5497853822,0.36908805,1
0.4649577541,0.8589087153,0
0.3370732662,0.0308005011,1
0.3668805748,0.7192205861,0
0.7124708404,0.1561998581,1
0.3748572494,0.4906784691,0
0.8584296485,0.1453880647,1
0.3441187969,0.698118865,0
0.1433785183,0.6248869708,0
0.902930197,0.3584211192,1
0.9360870663,0.2085503895,1
0.5413769073,0.3446795189,1
0.3067277108,0.003410084746,1
0.9954501407,0.3914841274,1
0.3979198361,0.5949368431,0
0.7014077643,0.8293727391,0
0.186850747,0.9533105485,0
0.1906886344,0.3310571266,0
0.4642893504,0.09689411467,1
0.3001841815,0.6146750694,0
0.5580046677,0.3415574198,1
0.2779855337,0.6333628924,0
0.2148048115,0.3285844664,0
0.2592264288,0.6104250414,0
0.4768185885,0.7841649684,0
0.7227792415,0.590597712,1
0.9312951113,0.4885671189,1
0.9559192805,0.6034908611,1
0.1712802188,0.6747526379,0
0.9198100067,0.5516732277,1
0.03761241233,0.7696680683,0
0.2099602065,0.7903717795,0
0.4599607723,0.7298162707,0
0.7116259173,0.9091790941,0
0.6028207277,0.1783794354,1
0.8196261694,0.5230458977,1
0.2714478592,0.1308369517,1
0.7814187922,0.3503574839,1
0.3936991841,0.6309018868,0
0.8985975109,0.8253826259,1
0.4022731843,0.5776267245,0
0.7501001733,0.2977828419,1
0.06964170078,0.6751734389,0
0.801059983,0.6406153023,1
0.7270799736,0.1803631759,1
0.7940911306,0.8142272065,0
0.01528631447,0.6296683591,0
0.08452760374,0.09835838384,0
0.2953219657,0.2312319788,1
0.06484358996,0.9174746048,0
0.7398757104,0.3479057933,1
0.6711792389,0.7463638062,0
0.5638766709,0.4781437159,1
0.6157963553,0.2783078254,1
0.5357972317,0.219285856,1
0.1226718333,0.2209139786,0
0.2036079594,0.04740763932,1
0.7193192623,0.6497049624,1
0.863884136,0.08353919434,1
0.7312585944,0.3560308899,1
0.4990687679,0.7610964189,0
0.8335510525,0.6496883669,1
0.8376713186,0.9977316942,0
0.6158911063,0.3550984872,1
0.3796588972,0.267542062,1
0.6764113522,0.7178573878,0
0.8803273208,0.1792097154,1
0.6544184497,0.1040729093,1
0.3855808423,0.6143780075,0
0.0333214417,0.8268954319,0
0.3760588585,0.7193563623,0
0.8110404203,0.847053826,0
0.747239448,0.2748792845,1
0.748819539,0.539325003,1
0.4412742447,0.04787545695,1
0.3915566079,0.3495666187,1
0.1985998285,0.9251424415,0
0.828332771,0.6284238537,1
0.5221587161,0.4364684664,1
0.9913936658,0.1464983885,1
0.3044833535,0.1272921477,1
0.4400589454,0.6139573338,0
0.5235865821,0.9052940628,0
0.4082984736,0.0641592332,1
0.7091412986,0.09925701982,1
0.1836035098,0.2921738239,0
0.4948045494,0.09845321779,1
0.699779707,0.4660586087,1
0.3148584104,0.3945332246,0
0.04653711892,0.2554912103,0
0.7393446277,0.5058585379,1
0.3828068187,0.8951234296,0
0.6323020299,0.05939501745,1
0.4535185236,0.3913185632,1
0.4678078148,0.2078508953,1
0.6578427633,0.1329285368,1
0.7432911347,0.315805746,1
0.4873887698,0.4948253225,0
0.07958835454,0.4432346874,0
0.270586619,0.08601558304,1
0.6708086629,0.6490537095,1
0.9239733609,0.7526886317,1
0.139200158,0.9412711076,0
0.8403996006,0.6076861657,1
0.5703915655,0.9357272359,0
0.2223419342,0.4364791298,0
0.4676061207,0.9401842856,0
0.302773687,0.2220735621,1
0.03637606593,0.6771368345,0
0.8455248918,0.6701529854,1
0.5297156833,0.0482686306,1
0.9718699292,0.4845258241,1
0.2012910245,0.7754693656,0
0.5590886744,0.9712009211,0
0.2571926232,0.6158038695,0
0.3308495346,0.02137368836,1
0.01871298848,0.3151120357,0
0.02509623415,0.1722551563,0
0.1022018049,0.2843208464,0
0.2655614103,0.3734343431,0
0.5701116025,0.7302779017,0
0.4113919052,0.5749094836,0
0.5750693256,0.549661057,1
0.7450496776,0.3934505188,1
0.6964509052,0.4418407646,1
0.3968894648,0.615291928,0
0.8929675559,0.06375377368,1
0.1244164993,0.5203993116,0
0.7426470621,0.2516505737,1
0.5836949869,0.9133478508,0
0.5291966653,0.05845982338,1
0.9115589477,0.998291484,0
0.7258644086,0.3235825081,1
0.9269706517,0.1557963504,1
0.619742494,0.1181391027,1
0.1886620264,0.08403935283,1
0.4478382669,0.08278290444,1
0.5550074477,0.4249015302,1
0.6235460646,0.1949672812,1
0.9054166476,0.6285346338,1
0.6981026001,0.238521093,1
0.3068118921,0.04833246777,1
0.8259420927,0.9309378048,0
0.3716173052,0.7814763244,0
0.893649808,0.8156621871,1
0.505899622,0.2571289431,1
0.4096810649,0.03825273425,1
0.4198472414,0.48214052,0
0.9019981708,0.8281526509,1
0.7701235068,0.1657282489,1
0.663155647,0.1052655453,1
0.4884556697,0.7508642659,0
0.2086917859,0.3702893982,0
0.03668216854,0.8486626201,0
0.7715240431,0.4855318542,1
0.2929463654,0.7310731189,0
0.588444237,0.8490271545,0
0.8231437891,0.1543301702,1
0.7777289676,0.2260501626,1
0.08236458567,0.374532482,0
0.6093029301,0.7505876981,0
0.5194586807,0.4454735386,1
0.09875528862,0.1547450345,0
0.4966651176,0.727338215,0
0.6993699646,0.9950668014,0
0.1179354603,0.5453083489,0
0.7256691025,0.2056908262,1
0.5322983889,0.9302316314,0
0.7152319601,0.5323767154,1
0.8018085062,0.2152698673,1
0.3201342658,0.1282670777,1
0.9880728168,0.4751651666,1
0.4847840747,0.4374836679,1
0.3761034839,0.1820928802,1
0.3985317253,0.05469594859,1
0.7938620606,0.1108538744,1
0.4086406513,0.07488210818,1
0.9251975518,0.8235579569,1
0.8103660538,0.9200337283,0
0.07418291328,0.8925872618,0
0.6494460674,0.6900244141,0
0.9073189816,0.6126079224,1
0.3410412589,0.4564148668,0
0.6193293434,0.1619103737,1
0.7628751733,0.9949059255,0
0.6734456721,0.6433869949,1
0.7571568833,0.4269402348,1
0.9863513192,0.1172146818,1
0.8355712717,0.4375386856,1
0.5390549595,0.4339033515,1
0.9960143177,0.6550615021,1
0.9318407801,0.5856015577,1
0.9670029582,0.9788652789,0
0.7507364938,0.3934878506,1
0.8415797419,0.2329832457,1
0.1369323188,0.3204732747,0
0.04255375628,0.5590279781,0
0.7654907645,0.3834367772,1
0.8846019739,0.7361303921,1
0.6443312144,0.8105685587,0
0.6072345903,0.692299091,0
0.4579913276,0.2331203787,1
0.7262188366,0.4753780069,1
0.4343926057,0.3655698563,1
0.6964940712,0.6448587453,1
0.3666792257,0.5959764361,0
0.3817944724,0.3336363718,1
0.6437205623,0.01756505689,1
0.134849296,0.5817202176,0
0.02512765488,0.2151954951,0
0.6035987525,0.4276021964,1
0.3811401432,0.02280056812,1
0.2318456086,0.3800829942,0
0.4846206316,0.2369761419,1
0.8798794471,0.9413166662,0
0.7939234123,0.46095981,1
0.4124434711,0.3300726267,1
0.2460462837,0.233152938,1
0.7128236103,0.1527518287,1
0.6260674352,0.1743956,1
0.6665252281,0.1220387333,1
0.04583062582,0.1996917684,0
0.1215561454,0.3611446007,0
0.7663942178,0.4996011889,1
0.5109228764,0.9749385697,0
0.5189607383,0.658029829,0
0.2539465556,0.1975409084,1
0.6346424614,0.07823250382,1
0.7353746935,0.04435599842,1
0.4266567361,0.01236366917,1
0.5031967531,0.06279782122,1
0.1352791699,0.4136628732,0
0.6314452779,0.2116285705,1
0.1432446755,0.1964249429,0
0.9309257011,0.04950027393,1
0.4244846787,0.9417204048,0
0.7222258288,0.6315696218,1
0.7116931686,0.9134973595,0
0.6311431877,0.15659951,1
0.09335312625,0.5635293098,0
0.3323194516,0.1411715934,1
0.631019434,0.01466844198,1
0.8618954054,0.215210778,1
0.1150714569,0.01798348914,1
0.5449902942,0.2550446505,1
0.3852537888,0.1109494876,1
0.3565666117,0.6532899804,0
0.1047082427,0.7313763558,0
0.6376264781,0.218845582,1
0.4836662634,0.5810986376,0
0.1734166968,0.5657633015,0
0.8674466286,0.6696718249,1
0.05433317815,0.1111936146,0
0.5050871452,0.9253746925,0
0.8934958933,0.03320283776,1
0.4434390418,0.7412553951,0
0.1623165777,0.1364648423,1
0.1982014007,0.149133738,1
0.2151325996,0.01487236851,1
0.02776345443,0.3799165556,0
0.2008977482,0.8610703033,0
0.001571256748,0.396771128,0
0.2068983633,0.120331015,1
0.594854531,0.3551583406,1
0.8397835356,0.137096012,1
0.7149605037,0.04305546742,1
0.2121083161,0.0989035358,1
0.3195964717,0.01773234683,1
0.09604063475,0.04707974863,1
0.6941060122,0.7731380264,0
0.1811770353,0.2962348639,0
0.11725365,0.9581256527,0
0.8376393353,0.2844389319,1
0.03030185072,0.919548121,0
0.7019487406,0.6248488324,1
0.6791955836,0.8949865583,0
0.2561905933,0.7321123092,0
0.7839860207,0.1249815269,1
0.9058098655,0.921730819,0
0.7412297939,0.7523910829,0
0.8494379719,0.3508886167,1
0.762201616,0.8921856933,0
0.6197673107,0.8897662264,0
0.2675227044,0.4522703276,0
0.7492707279,0.7457003538,1
0.7760325287,0.7608822736,1
0.08337685795,0.7476396992,0
0.2871874998,0.8764469698,0
0.6147077531,0.02023597008,1
0.6279917175,0.4126061325,1
0.8468076181,0.8870771028,0
0.6803286511,0.1760206112,1
0.7364364981,0.4411744681,1
0.6429652513,0.3130715166,1
0.5783085148,0.6053598869,0
0.5599456161,0.9636361174,0
0.3868758352,0.7307090955,0
0.2825764991,0.949249839,0
0.2164620796,0.6898129741,0
0.7608554462,0.1878481731,1
0.8108189818,0.03075180338,1
0.4550093281,0.419229994,1
0.6343520437,0.6231741977,1
0.8044936601,0.3774664041,1
0.9664578094,0.5081575275,1
0.3415984246,0.630905972,0
0.8395849085,0.4663707239,1
0.4368778268,0.1996144769,1
0.4360741203,0.6972518934,0
0.9933062668,0.9067708742,1
0.4227779175,0.04098268845,1
0.3027462928,0.6591127012,0
0.9283127295,0.1789852105,1
0.3950487157,0.3789637068,1
0.7895140728,0.8395653289,0
0.2293259903,0.5306549298,0
0.1461437916,0.737036826,0
0.6811772891,0.997978355,0
0.5948436683,0.2936885672,1
0.02469215455,0.6886352422,0
0.3270596825,0.6720914447,0
0.2122976619,0.1012639246,1
0.3938461456,0.2384506515,1
0.9527945042,0.2749998394,1
0.4428572047,0.2800970532,1
0.2564671574,0.9772347574,0
0.5002674708,0.7653585474,0
0.2474327857,0.8974996038,0
0.6601515613,0.6269276753,1
0.8544212336,0.2069802166,1
0.8279693074,0.6619172751,1
0.5250411027,0.2995321541,1
0.4173629126,0.9904209043,0
0.583045485,0.06476698746,1
0.3641228056,0.2925767903,1
0.02969620169,0.6826682077,0
0.226345042,0.7395969854,0
0.9929788483,0.4312040611,1
0.9682231193,0.4937853039,1
0.1658775813,0.2534567687,0
0.8742705227,0.855627474,1
0.9052428195,0.8521640758,1
0.4357409654,0.4909388672,0
0.2689350445,0.7696090809,0
0.3549057507,0.7265243359,0
0.5607677683,0.727175265,0
0.5673583996,0.1833488018,1
0.607813594,0.8171641719,0
0.1203767774,0.5835499019,0
0.1278719891,0.2700515383,0
0.7490938824,0.286584697,1
0.5079371844,0.03205543916,1
0.008241503104,0.3065517867,0
0.5934915018,0.03020321005,1
0.5015994264,0.4311784827,1
0.3701835637,0.5887248013,0
0.5051039153,0.9194860747,0
0.1894846879,0.4954935778,0
0.6272034233,0.6510903817,0
0.7996792779,0.08764560483,1
0.3941793325,0.3069990015,1
0.1617475072,0.5242134198,0
0.9586945283,0.08145258868,1
0.2017764688,0.9824097097,0
0.3974236601,0.7530683432,0
0.1315504276,0.790564229,0
0.2470757022,0.895372584,0
0.410079268,0.5154018585,0
0.6034664434,0.4403512382,1
0.05155510934,0.3044854377,0
0.03916911453,0.6086211796,0
0.4930385267,0.6571360382,0
0.687822895,0.2743845982,1
0.9324711324,0.1408357636,1
0.7581009625,0.2238198067,1
0.5056942763,0.2866378593,1
0.2061382498,0.2652337054,0
0.5608271072,0.4503889928,1
0.8904368636,0.191595652,1
0.9588323048,0.2258706656,1
0.1434133316,0.9279146485,0
0.3560351526,0.9950875694,0
0.8631154468,0.8250525946,1
0.736671606,0.7242374063,1
0.9569545086,0.1353213236,1
0.02021619913,0.4639924177,0
0.2351487185,0.553368965,0
0.02570956262,0.5522684972,0
0.8267826939,0.1261501859,1
0.7499376596,0.2947577441,1
0.3748977227,0.7695032806,0
0.6513000621,0.09654796764,1
0.3844137103,0.2506699075,1
0.4710074007,0.1553095308,1
0.3269988541,0.2641796014,1
0.7938795992,0.1370881612,1
0.5032072896,0.2012646475,1
0.2289852423,0.4000490209,0
0.3775536754,0.8678364287,0
0.4257396257,0.5809359496,0
0.3632941148,0.9482471166,0
0.335326035,0.09735504732,1
0.78937619,0.1418594237,1
0.204741081,0.225842535,0
0.4578211631,0.8495571728,0
0.9892568225,0.1184632461,1
0.07740533808,0.01638836398,1
0.8093751938,0.2185216737,1
0.002160147297,0.6913790526,0
0.6305469169,0.2078364923,1
0.3456347094,0.5655606956,0
0.5997392747,0.8433451545,0
0.2187715545,0.7154926416,0
0.2468597547,0.6323294711,0
0.9093233193,0.7312219079,1
0.2823304504,0.06437814452,1
0.8898941713,0.6607057512,1
0.7850992203,0.4798864603,1
0.7010085511,0.6816604857,1
0.07266170573,0.2859306262,0
0.7388671279,0.2304845466,1
0.2648004556,0.6773917554,0
0.332397158,0.6560510941,0
0.03541912957,0.005913315093,1
0.05560461879,0.02335919795,1
0.1274283083,0.4688782899,0
0.9501754979,0.895409724,1
0.1397565135,0.637654064,0
0.8516997844,0.4731000985,1
0.446800521,0.4683384042,0
0.5057510603,0.3158009591,1
0.3162378827,0.9240592147,0
0.4024622549,0.3571897571,1
0.03738773637,0.8064593737,0
0.05415518238,0.4667713128,0
0.2693870241,0.377958459,0
0.7625401471,0.1908230052,1
0.6890911533,0.9102226034,0
0.1736239686,0.01856877649,1
0.1833603444,0.722188317,0
0.1704038207,0.9564992373,0
0.4673935812,0.3605463035,1
0.3456665582,0.05831900828,1
0.4890450349,0.372452063,1
0.7435507082,0.4569120302,1
0.3309823342,0.1387237718,1
0.622568274,0.5780327258,1
0.3543661959,0.3513896099,1
0.02486366183,0.769680881,0
0.5281569372,0.4874427813,1
0.9306218899,0.9273425912,1
0.2872747441,0.8744617078,0
0.4321386499,0.9549845165,0
0.7635684653,0.536920172,1
0.7623168513,0.875758596,0
0.3247457718,0.7080381101,0
0.3306389122,0.5227889027,0
0.3439621471,0.1183200117,1
0.3857967315,0.07459235656,1
0.9720911063,0.2746201269,1
0.9050515711,0.8979375055,1
0.5672428651,0.9985598243,0
0.8242861711,0.584120305,1
0.7815045938,0.2469600443,1
0.5877017952,0.8268828292,0
0.5390877869,0.5701492906,0
0.1604123129,0.1168179682,1
0.61837729,0.3725897216,1
0.6489369309,0.6408433231,1
0.9388902786,0.978028282,0
0.5146853903,0.9820247705,0
0.02079786603,0.5999401383,0
0.7713456198,0.210444104,1
0.5999205348,0.05574900744,1
0.09879688231,0.5475056557,0
0.2710648043,0.7245463705,0
0.9628392703,0.8564749558,1
0.5622277235,0.3874508198,1
0.2676603646,0.9436150135,0
0.003006383164,0.8047094955,0
0.4897819277,0.7559680688,0
0.6338557627,0.1027441834,1
0.3031628906,0.3206809009,0
0.02730470197,0.2936187186,0
0.2570694532,0.5664687828,0
0.5046652276,0.08523196602,1
0.3770234524,0.1214610027,1
0.4663317945,0.6150890456,0
0.6161247464,0.547719884,1
0.3821877551,0.2666988801,1
0.3928357031,0.7449494877,0
0.4695729567,0.51603772,0
0.4262599281,0.01783575415,1
0.41680509,0.03724070022,1
0.8611180996,0.009071270605,1
0.05795921301,0.2550526915,0
0.9844612934,0.1850257615,1
0.3573059146,0.8360137006,0
0.3056347538,0.05689313369,1
0.2108525564,0.01546996656,1
0.619311287,0.679028538,0
0.1955870909,0.01550712435,1
0.8897404391,0.7805019111,1
0.7681651018,0.2263555611,1
0.6275228433,0.7131763874,0
0.8410660914,0.8160714131,1
0.6934848977,0.4070481593,1
0.03961222805,0.04169002515,0
0.9510370738,0.4252123728,1
0.7906003258,0.5124915984,1
0.8315901291,0.8069946472,1
0.3974261277,0.2624292573,1
0.5594297768,0.5751834033,0
0.5074548448,0.1243626998,1
0.870805747,0.6312572689,1
0.4726870412,0.6593872252,0
0.7652626128,0.3680734563,1
0.5071881378,0.7995748711,0
0.4458619084,0.5488166254,0
0.8022512592,0.0165190913,1
0.7173798117,0.8284720761,0
0.2953585728,0.0529159329,1
0.8956279444,0.7467783434,1
0.9699862023,0.2079665022,1
0.2263231648,0.3693324602,0
0.6594549883,0.5156928779,1
0.1644919181,0.0681810125,1
0.4154520239,0.2812518571,1
0.1813804079,0.01208827534,1
0.3254391307,0.08649705341,1
0.1504512649,0.5735359999,0
0.3278615074,0.6016595062,0
0.7309210973,0.1370727666,1
0.1636467477,0.2466496825,0
0.3203896091,0.5977088745,0
0.4580593931,0.6734469615,0
0.4744640361,0.9529676882,0
0.703312054,0.4769124347,1
0.009356761281,0.9738025705,0
0.9910219589,0.7913322901,1
0.5942161574,0.06684559916,1
0.9026025948,0.3898733876,1
0.8010114615,0.6218827263,1
0.805673387,0.4844580251,1
0.1795719833,0.664359667,0
0.07027805614,0.4719764046,0
0.6780880747,0.6011605393,1
0.8579519991,0.7285981055,1
0.6338909832,0.6751769238,0
0.4828998473,0.2721892495,1
0.6853092919,0.2061589381,1
0.1123474531,0.8623463206,0
0.975350986,0.6743888372,1
0.6918498817,0.8439060463,0
0.8098120623,0.7972193265,1
0.7500063579,0.4168397899,1
0.6824002125,0.1222386976,1
0.08511006453,0.4582581507,0
0.8549662665,0.1721233995,1
0.9357073348,0.9674541287,0
0.8533240266,0.9999960035,0
0.7742234566,0.06252675717,1
0.3470425702,0.7617856297,0
0.6895414956,0.6394319061,1
0.08260820111,0.1820101232,0
0.5286130145,0.4785151572,1
0.7247608466,0.9398895088,0
0.5106046378,0.7219497985,0
0.5828677248,0.2322056067,1
0.8177453724,0.2323747856,1
0.4439917607,0.4051799328,1
0.5288108833,0.7594956707,0
0.2304135388,0.8565644017,0
0.5583946539,0.002630633751,1
0.8338444556,0.7590229354,1
0.4161135767,0.3090353175,1
0.3322060214,0.4172039986,0
0.1128979539,0.6620762986,0
0.2756802783,0.005122109729,1
0.08080366776,0.9884128736,0
0.214836208,0.06314504977,1
0.8471658041,0.9235277615,0
0.06961491198,0.5486396784,0
0.7617712598,0.08281676907,1
0.1447086971,0.1636035872,0
0.4692208673,0.9051188374,0
0.6500771433,0.1816717774,1
0.1346936802,0.7513144088,0
0.1157110542,0.2071467866,0
0.009515069839,0.690286978,0
0.260127022,0.008910334412,1
0.6466790867,0.4683692858,1
0.9645931296,0.2521105847,1
0.02063761848,0.6663533642,0
0.409781509,0.8116299672,0
0.658422611,0.1583335256,1
0.8734252611,0.9141198252,0
0.6822455131,0.861258315,0
0.09484779132,0.1803450275,0
0.8242535993,0.7893934728,1
0.01614865758,0.4189994462,0
0.6157808547,0.201361135,1
0.7331367704,0.8916727007,0
0.1598552355,0.5683801762,0
0.9047536422,0.2456431568,1
0.5783697112,0.04143544129,1
0.7582012073,0.7200041492,1
0.2441129165,0.8879575783,0
0.704310435,0.4376392277,1
0.3210561783,0.5451916972,0
0.6921549312,0.2682247298,1
0.6512337,0.2978397655,1
0.8070944089,0.8140222572,0
0.9601828615,0.4619712596,1
0.2802804732,0.3012801771,0
0.9178624843,0.1817065816,1
0.9575197396,0.4768314769,1
0.09539674577,0.395132553,0
0.8563558386,0.4493175666,1
0.9063218361,0.08040581418,1
0.6469421023,0.7189971775,0
0.5960546699,0.01761000007,1
0.9255482185,0.460926669,1
0.3189875075,0.3303498981,0
0.03124073911,0.8971471879,0
0.08767616357,0.5083881082,0
0.4795646195,0.4243228056,1
0.9867107614,0.7351817518,1
0.6929482418,0.3922756332,1
0.8093282491,0.2037585739,1
0.5379170454,0.9535877578,0
0.5495292461,0.3301052162,1
0.36337327,0.4395049856,0
0.07068298896,0.6512892385,0
0.6707036794,0.2014519729,1
0.8305634203,0.3798432739,1
0.6725769102,0.3960348079,1
0.07875978321,0.6313521325,0
0.2147483213,0.7895922488,0
0.8019722064,0.7717890602,1
0.2419981641,0.006504479095,1
0.6397986119,0.8722213811,0
0.6635680539,0.5162787286,1
0.6000483823,0.5386128672,1
0.3465910117,0.3194882138,1
0.7463017226,0.6967918252,1
0.8769502709,0.731615827,1
0.574445034,0.1941899351,1
0.09350225224,0.9646256426,0
0.104922563,0.5107011683,0
0.8739299427,0.03523743051,1
0.06940627199,0.5254415857,0
0.05785441324,0.1232504379,0
0.5084886604,0.7290873198,0
0.3955853335,0.9693573955,0
0.868161818,0.3397901167,1
0.2116747585,0.8653082781,0
0.4993889051,0.4576224099,1
0.8147737136,0.1326795524,1
0.4852271241,0.4700256755,1
0.2654705092,0.5249625327,0
0.7871773791,0.2556491243,1
0.4353518903,0.5788114277,0
0.2695809671,0.9449791371,0
0.3390820788,0.1759421583,1
0.581043237,0.9744757791,0
0.3680407293,0.1433363146,1
0.4511100342,0.3427223908,1
0.4480160452,0.2329805877,1
0.4179758969,0.6414732692,0
0.7116627101,0.8228838852,0
0.8575934713,0.2349893416,1
0.3984909395,0.6267031165,0
0.1233802034,0.6907379326,0
0.07622647356,0.2120034676,0
0.4156848008,0.3522328306,1
0.3302245794,0.9371697477,0
0.2782662094,0.7092574037,0
0.8053187728,0.8268700289,0
0.3248360804,0.8950005957,0
0.5729509501,0.961873021,0
0.1775877173,0.2247968148,0
0.8108991043,0.2600077056,1
0.3992831477,0.5454720539,0
0.6666179467,0.830862678,0
0.6686231407,0.428974314,1
0.5723573479,0.8794203459,0
0.5636413561,0.2986097325,1
0.6615341241,0.6071057678,1
0.07207961832,0.1739998593,0
0.8975918622,0.4640114709,1
0.6293639343,0.8670221477,0
0.4422625336,0.8626428829,0
0.2211840697,0.05682421265,1
0.4906797004,0.3402790109,1
0.5458740087,0.2890110379,1
0.4456719007,0.1027869127,1
0.9750410293,0.01588239653,1
0.7998607705,0.5398066216,1
0.8773085373,0.5473441168,1
0.2755634483,0.3789784965,0
0.08533869579,0.9678592442,0
0.7386074627,0.4490577023,1
0.3701899963,0.6591222919,0
0.2017532549,0.8354094692,0
0.2650847203,0.5097858074,0
0.5875089242,0.5660457442,1
0.1923795803,0.5312355349,0
0.3744660398,0.5074134603,0
0.7416238128,0.7070245805,1
0.1409090333,0.02756890598,1
0.8862989681,0.9622378574,0
0.1820419336,0.3234483971,0
0.524490323,0.2497619425,1
0.4660110143,0.2982843007,1
0.9943499732,0.3011212906,1
0.701787609,0.1445686594,1
0.9960244568,0.9775554564,1
0.1144891917,0.8861505478,0
0.1680277803,0.4087201846,0
0.5725705819,0.57451564,0
0.6868595042,0.8893255182,0
0.8979880858,0.247624906,1
0.72552469,0.0270218832,1
0.2010475818,0.1106976527,1
0.3886052635,0.04309214315,1
0.8230787838,0.8375500706,0
0.1150801152,0.853661978,0
0.2018012725,0.3428097817,0
0.004058667714,0.3642690192,0
0.1607812124,0.1507468339,1
0.351029241,0.6913630801,0
0.8555492924,0.2219043169,1
0.7038297031,0.1438207967,1
0.4186197065,0.2741301797,1
0.05397347898,0.4901543652,0
0.06474169046,0.1923663629,0
0.5434364634,0.655794374,0
0.7329492124,0.2445066292,1
0.7399852888,0.5019485904,1
0.5289247678,0.7256163396,0
0.03628477664,0.8475105083,0
0.2759960456,0.4983059474,0
0.8963300101,0.02956700577,1
0.6621346884,0.03025535592,1
0.7526656569,0.9785345156,0
0.1842648765,0.8511587761,0
0.005882082835,0.9281552457,0
0.1401539033,0.8945885611,0
0.542252154,0.8921955072,0
0.6552742117,0.03136705683,1
0.8986858809,0.9350460409,0
0.5961861471,0.9460266916,0
0.307802214,0.6096515077,0
0.01776005456,0.08442984579,0
0.822752062,0.09495417177,1
0.8334748189,0.4587362361,1
0.1672776703,0.4934403046,0
0.6669151186,0.8482378764,0
0.1270364239,0.2625044396,0
0.9422692197,0.1367747984,1
0.8293346582,0.8280325309,1
0.6343796941,0.5728256602,1
0.6660879117,0.7852320041,0
0.890332246,0.9615133059,0
0.008958344245,0.9476573843,0
0.3523547198,0.6791674374,0
0.8932954592,0.4950778299,1
0.1787754071,0.4138684822,0
0.1215999149,0.6238595421,0
0.2030741303,0.1923145887,1
0.4430276145,0.5231290125,0
0.6554977548,0.7051369516,0
0.401664221,0.8086178801,0
0.5230383343,0.2607368888,1
0.731395422,0.5568920431,1
0.8180355296,0.1189530749,1
0.1722048157,0.4452230688,0
0.1783132091,0.3619797825,0
0.5002090291,0.421467015,1
0.7923968013,0.8090758646,0
0.5619435714,0.878903325,0
0.9629336359,0.04167770773,1
0.5681745948,0.2976582091,1
0.9815093532,0.5548993231,1
0.9379350005,0.5453279624,1
0.3738478832,0.3094660712,1
0.3029849384,0.9457286721,0
0.770180466,0.04065359339,1
0.750610162,0.7617715103,0
0.6368809999,0.9117933629,0
0.92014655,0.6373481928,1
0.1845424792,0.3303832615,0
0.8403140387,0.5884276978,1
0.1439808614,0.9862751827,0
0.4804951353,0.273162181,1
0.2830203771,0.7818131094,0
0.8822707296,0.4590855733,1
0.2651142042,0.888317829,0
0.4458140317,0.2057973592,1
0.1113177088,0.6479274832,0